Program,Mainline,Solver2-Global,Independent Pooling
base64,85.97000000000025,82.45000000000027,76.92000000000007
dircolors,27.56999999999971,28.190000000000055,28.769999999999982
du,3.349999999999909,3.3299999999999272,4.389999999999418
fold,41.710000000000036,41.82999999999993,42.26999999999998
ln,2.800000000000068,2.5300000000000296,2.910000000000025
mkfifo,569.97,601.8399999999999,541.8000000000001
nice,915.02,903.19,893.0200000000001
od,304.5,310.46000000000004,302.57000000000016
unexpand,36.42999999999938,36.25,37.12999999999988
