Program,Mainline,Solver2-Global,Independent Pooling
base64,52.61000000000013,53.25,47.75
dircolors,7.599999999999454,8.090000000000146,7.579999999999927
du,1.650000000000091,1.6700000000000728,1.699999999999818
fold,17.769999999999527,17.889999999999418,16.289999999999964
ln,1.75,1.6999999999999886,1.6899999999999977
mkfifo,556.6800000000001,589.8399999999999,528.71
nice,817.87,809.48,771.72
od,195.27999999999975,197.15999999999985,188.08000000000015
unexpand,15.099999999999454,15.05999999999949,14.159999999999854
