Program,Mainline KLEE,PoolUnsimp
base64,29.93999999999994,38.52000000000001
chmod,33.620000000000005,40.370000000000005
csplit,133.47,162.66000000000003
dircolors,1.5,1.6399999999999864
factor,2.5699999999999363,2.7700000000000955
ln,0.6700000000000159,0.6899999999999977
mkfifo,122.53999999999999,204.51999999999998
