Program,Mainline KLEE,PoolUnsimp
base64,34.870000000000005,42.49000000000001
chmod,38.29000000000002,45.69999999999999
csplit,138.32,167.17000000000002
dircolors,3.759999999999991,4.269999999999982
factor,5.439999999999941,5.680000000000064
ln,1.1999999999999886,4.22999999999999
mkfifo,129.83999999999997,211.23
